{"cameraMode":{"drawMode":0,"name":"Shaded","section":"Shading Mode"},"sceneLighting":false,"audioPlay":false,"sceneViewState":{"m_AlwaysRefresh":false,"showFog":true,"showSkybox":false,"showFlares":true,"showImageEffects":true,"showParticleSystems":true,"showVisualEffectGraphs":true,"m_FxEnabled":true},"in2DMode":false,"pivot":{"x":-28.291000366210939,"y":0.7300000190734863,"z":13.800000190734864},"rotation":{"x":0.3192981779575348,"y":-0.11053948849439621,"z":0.03752978891134262,"w":0.9404363036155701},"size":2.289104700088501,"orthographic":false}